﻿<parameters>
  <parameter name="IIS Web Application Name" defaultValue="Default Web Site/SponsorMyCamp_deploy" tags="IisApp">
    <parameterEntry kind="ProviderPath" scope="IisApp" match="^C:\\Users\\ZhenDan\\Desktop\\SponsorMyCamp\ -\ Version\ 1\\SponsorMyCamp\\obj\\Debug\\Package\\PackageTmp$" />
    <parameterEntry kind="ProviderPath" scope="setAcl" match="^C:\\Users\\ZhenDan\\Desktop\\SponsorMyCamp\ -\ Version\ 1\\SponsorMyCamp\\obj\\Debug\\Package\\PackageTmp$" />
  </parameter>
  <parameter name="ApplicationServices-Web.config Connection String" description="ApplicationServices Connection String used in web.config by the application to access the database." defaultValue="data source=.\SQLEXPRESS;Integrated Security=SSPI;AttachDBFilename=|DataDirectory|\aspnetdb.mdf;User Instance=true" tags="SqlConnectionString">
    <parameterEntry kind="XmlFile" scope="C:\\Users\\ZhenDan\\Desktop\\SponsorMyCamp\ -\ Version\ 1\\SponsorMyCamp\\obj\\Debug\\Package\\PackageTmp\\Web\.config$" match="/configuration/connectionStrings/add[@name='ApplicationServices']/@connectionString" />
  </parameter>
  <parameter name="SponsorMyCamp-Web.config Connection String" description="SponsorMyCamp Connection String used in web.config by the application to access the database." defaultValue="Data Source=.\SQLEXPRESS;AttachDbFilename=|DataDirectory|\SponsorMyCamp.mdf;Integrated Security=True;User Instance=True" tags="SqlConnectionString">
    <parameterEntry kind="XmlFile" scope="C:\\Users\\ZhenDan\\Desktop\\SponsorMyCamp\ -\ Version\ 1\\SponsorMyCamp\\obj\\Debug\\Package\\PackageTmp\\Web\.config$" match="/configuration/connectionStrings/add[@name='SponsorMyCamp']/@connectionString" />
  </parameter>
</parameters>